{
  "generated_at": "2026-04-22T06:26:14.440521",
  "test_samples": 1000,
  "genuine_pairs": 500,
  "impostor_pairs": 500,
  "threshold": 0.85,
  "accuracy": 98.3,
  "precision": 99.19,
  "recall": 97.4,
  "f1_score": 98.28,
  "far": 0.8,
  "frr": 2.6,
  "eer": 0.0,
  "eer_threshold": 0.668,
  "auc_roc": 1.0,
  "tp": 487,
  "tn": 496,
  "fp": 4,
  "fn": 13,
  "liveness_accuracy": 97.2,
  "spoof_detection_rate": 97.5,
  "mean_auth_time_good_lighting": 1.414966359674612,
  "mean_auth_time_poor_lighting": 1.8876358494961787,
  "mean_auth_time_varied_pose": 1.6355852294580147
}